image,collection,group,ocr
DIBC02009H01.bmp,DIBCO 2009,design,0
DIBC02009H03.bmp,DIBCO 2009,design,0
DIBC02009H04.bmp,DIBCO 2009,design,0
DIBC02009H05.bmp,DIBCO 2009,design,0
DIBC02009P01.bmp,DIBCO 2009,design,1
DIBC02009P02.bmp,DIBCO 2009,design,0
DIBC02009P03.bmp,DIBCO 2009,design,0
DIBC02009P04.bmp,DIBCO 2009,design,1
DIBC02009P05.bmp,DIBCO 2009,design,1
DIBC02010H02.bmp,H-DIBCO 2010,held-out,0
DIBC02010H04.bmp,H-DIBCO 2010,held-out,0
DIBC02010H05.bmp,H-DIBCO 2010,held-out,0
DIBC02010H07.bmp,H-DIBCO 2010,held-out,0
DIBC02010H08.bmp,H-DIBCO 2010,held-out,1
DIBC02010H09.bmp,H-DIBCO 2010,held-out,0
DIBC02010H10.bmp,H-DIBCO 2010,held-out,0
DIBC02011HW1.bmp,DIBCO 2011,design,0
DIBC02011HW2.bmp,DIBCO 2011,design,0
DIBC02011HW3.bmp,DIBCO 2011,design,0
DIBC02011HW4.bmp,DIBCO 2011,design,0
DIBC02011HW5.bmp,DIBCO 2011,design,0
DIBC02011HW6.bmp,DIBCO 2011,design,0
DIBC02011HW7.bmp,DIBCO 2011,design,0
DIBC02011HW8.bmp,DIBCO 2011,design,0
DIBC02012H01.bmp,H-DIBCO 2012,held-out,0
DIBC02012H02.bmp,H-DIBCO 2012,held-out,0
DIBC02012H03.bmp,H-DIBCO 2012,held-out,0
DIBC02012H04.bmp,H-DIBCO 2012,held-out,0
DIBC02012H05.bmp,H-DIBCO 2012,held-out,0
DIBC02012H06.bmp,H-DIBCO 2012,held-out,0
DIBC02012H07.bmp,H-DIBCO 2012,held-out,0
DIBC02012H08.bmp,H-DIBCO 2012,held-out,0
DIBC02012H09.bmp,H-DIBCO 2012,held-out,0
DIBC02012H12.bmp,H-DIBCO 2012,held-out,0
DIBC02012H13.bmp,H-DIBCO 2012,held-out,0
DIBC02012H14.bmp,H-DIBCO 2012,held-out,0
DIBC02013HW01.bmp,DIBCO 2013,design,0
DIBC02013HW02.bmp,DIBCO 2013,design,0
DIBC02013HW03.bmp,DIBCO 2013,design,0
DIBC02013HW04.bmp,DIBCO 2013,design,0
DIBC02013HW05.bmp,DIBCO 2013,design,0
DIBC02013HW06.bmp,DIBCO 2013,design,0
DIBC02013HW07.bmp,DIBCO 2013,design,0
DIBC02013HW08.bmp,DIBCO 2013,design,0
DIBC02013PR01.bmp,DIBCO 2013,design,1
DIBC02013PR02.bmp,DIBCO 2013,design,1
DIBC02013PR03.bmp,DIBCO 2013,design,0
DIBC02013PR04.bmp,DIBCO 2013,design,1
DIBC02013PR05.bmp,DIBCO 2013,design,1
DIBC02013PR06.bmp,DIBCO 2013,design,1
DIBC02013PR07.bmp,DIBCO 2013,design,1
DIBC02013PR08.bmp,DIBCO 2013,design,1
DIBC02014H01.bmp,H-DIBCO 2014,held-out,0
DIBC02014H02.bmp,H-DIBCO 2014,held-out,0
DIBC02014H03.bmp,H-DIBCO 2014,held-out,0
DIBC02014H04.bmp,H-DIBCO 2014,held-out,0
DIBC02014H05.bmp,H-DIBCO 2014,held-out,0
DIBC02014H06.bmp,H-DIBCO 2014,held-out,0
DIBC02014H07.bmp,H-DIBCO 2014,held-out,0
DIBC02014H08.bmp,H-DIBCO 2014,held-out,0
DIBC02014H09.bmp,H-DIBCO 2014,held-out,0
DIBC02014H10.bmp,H-DIBCO 2014,held-out,1
DIBC02016H1.bmp,H-DIBCO 2016,held-out,0
DIBC02016H10.bmp,H-DIBCO 2016,held-out,0
DIBC02016H2.bmp,H-DIBCO 2016,held-out,0
DIBC02016H3.bmp,H-DIBCO 2016,held-out,0
DIBC02016H4.bmp,H-DIBCO 2016,held-out,0
DIBC02016H5.bmp,H-DIBCO 2016,held-out,0
DIBC02016H6.bmp,H-DIBCO 2016,held-out,0
DIBC02016H7.bmp,H-DIBCO 2016,held-out,0
DIBC02016H8.bmp,H-DIBCO 2016,held-out,0
DIBC02016H9.bmp,H-DIBCO 2016,held-out,0
DIBC020171.bmp,DIBCO 2017,design,0
DIBC0201711.bmp,DIBCO 2017,design,1
DIBC0201712.bmp,DIBCO 2017,design,1
DIBC0201713.bmp,DIBCO 2017,design,0
DIBC0201714.bmp,DIBCO 2017,design,1
DIBC0201715.bmp,DIBCO 2017,design,1
DIBC0201716.bmp,DIBCO 2017,design,1
DIBC0201717.bmp,DIBCO 2017,design,1
DIBC0201718.bmp,DIBCO 2017,design,1
DIBC0201719.bmp,DIBCO 2017,design,1
DIBC020172.bmp,DIBCO 2017,design,0
DIBC0201720.bmp,DIBCO 2017,design,1
DIBC020173.bmp,DIBCO 2017,design,1
DIBC020174.bmp,DIBCO 2017,design,0
DIBC020175.bmp,DIBCO 2017,design,0
DIBC020176.bmp,DIBCO 2017,design,0
DIBC020177.bmp,DIBCO 2017,design,0
DIBC020178.bmp,DIBCO 2017,design,0
DIBC020179.bmp,DIBCO 2017,design,0
DIBC02017A10.bmp,DIBCO 2017,design,0
DIBC020181.bmp,H-DIBCO 2018,held-out,0
DIBC0201810.bmp,H-DIBCO 2018,held-out,0
DIBC020182.bmp,H-DIBCO 2018,held-out,0
DIBC020183.bmp,H-DIBCO 2018,held-out,0
DIBC020184.bmp,H-DIBCO 2018,held-out,1
DIBC020185.bmp,H-DIBCO 2018,held-out,0
DIBC020186.bmp,H-DIBCO 2018,held-out,0
DIBC020187.bmp,H-DIBCO 2018,held-out,0
DIBC020188.bmp,H-DIBCO 2018,held-out,0
DIBC020189.bmp,H-DIBCO 2018,held-out,0
DIBC020191.bmp,DIBCO 2019,design,1
DIBC0201910.bmp,DIBCO 2019,design,1
DIBC0201912.bmp,DIBCO 2019,design,0
DIBC0201913.bmp,DIBCO 2019,design,0
DIBC0201915.bmp,DIBCO 2019,design,0
DIBC0201916.bmp,DIBCO 2019,design,0
DIBC0201917.bmp,DIBCO 2019,design,0
DIBC0201918.bmp,DIBCO 2019,design,0
DIBC0201919.bmp,DIBCO 2019,design,0
DIBC020192.bmp,DIBCO 2019,design,0
DIBC0201920.bmp,DIBCO 2019,design,0
DIBC020193.bmp,DIBCO 2019,design,0
DIBC020194.bmp,DIBCO 2019,design,0
DIBC020195.bmp,DIBCO 2019,design,1
DIBC020196.bmp,DIBCO 2019,design,0
DIBC020197.bmp,DIBCO 2019,design,1
DIBC020198.bmp,DIBCO 2019,design,1
DIBC020199.bmp,DIBCO 2019,design,0
DIBC02019P11.bmp,DIBCO 2019,design,0
DIBC02019P14.bmp,DIBCO 2019,design,0
